structure_id,reasons
1,q_filter_q-97.5
96,q_filter_q-97.5
294,q_filter_q-97.5
311,q_filter_q-97.5
315,q_filter_q-97.5
327,q_filter_q-97.5
333,q_filter_q-97.5
339,q_filter_q-97.5
350,q_filter_q-97.5
356,q_filter_q-97.5
357,q_filter_q-97.5
362,q_filter_q-97.5
364,q_filter_q-97.5
369,q_filter_q-97.5
383,q_filter_q-97.5
385,q_filter_q-97.5
386,q_filter_q-97.5
396,q_filter_q-97.5
400,q_filter_q-97.5
418,q_filter_q-97.5
428,q_filter_q-97.5
429,q_filter_q-97.5
430,q_filter_q-97.5
431,q_filter_q-97.5
432,q_filter_q-97.5
433,global_bad;q_filter_q-97.5
435,q_filter_q-97.5
446,q_filter_q-97.5
452,q_filter_q-97.5
453,q_filter_q-97.5
457,q_filter_q-97.5
462,q_filter_q-97.5
465,q_filter_q-97.5
468,q_filter_q-97.5
470,q_filter_q-97.5
472,q_filter_q-97.5
752,q_filter_q-97.5
800,q_filter_q-97.5
807,q_filter_q-97.5
893,q_filter_q-97.5
1121,q_filter_q-97.5
1148,q_filter_q-97.5
1157,q_filter_q-97.5
1159,q_filter_q-97.5
1162,q_filter_q-97.5
1168,q_filter_q-97.5
1178,q_filter_q-97.5
1192,q_filter_q-97.5
1198,q_filter_q-97.5
1209,q_filter_q-97.5
1261,q_filter_q-97.5
1293,q_filter_q-97.5
1296,q_filter_q-97.5
1302,q_filter_q-97.5
1305,q_filter_q-97.5
1313,q_filter_q-97.5
1317,q_filter_q-97.5
1327,q_filter_q-97.5
1336,q_filter_q-97.5
1342,q_filter_q-97.5
1343,q_filter_q-97.5
1346,q_filter_q-97.5
1352,q_filter_q-97.5
1357,q_filter_q-97.5
1372,q_filter_q-97.5
1377,q_filter_q-97.5
1385,q_filter_q-97.5
1392,q_filter_q-97.5
1397,q_filter_q-97.5
1399,q_filter_q-97.5
1405,q_filter_q-97.5
1407,q_filter_q-97.5
1418,q_filter_q-97.5
1419,q_filter_q-97.5
1435,q_filter_q-97.5
1437,q_filter_q-97.5
1439,q_filter_q-97.5
1444,q_filter_q-97.5
1463,q_filter_q-97.5
1473,q_filter_q-97.5
1478,csv_train_gt20
1581,q_filter_q-97.5
1583,q_filter_q-97.5
1586,q_filter_q-97.5
1591,q_filter_q-97.5
1594,q_filter_q-97.5
1598,q_filter_q-97.5
1610,q_filter_q-97.5
1615,q_filter_q-97.5
1630,q_filter_q-97.5
1638,q_filter_q-97.5
1643,q_filter_q-97.5
1657,q_filter_q-97.5
1658,q_filter_q-97.5
1668,q_filter_q-97.5
1669,q_filter_q-97.5
1672,q_filter_q-97.5
1673,q_filter_q-97.5
1695,q_filter_q-97.5
1705,q_filter_q-97.5
1711,q_filter_q-97.5
1740,q_filter_q-97.5
1756,q_filter_q-97.5
1781,q_filter_q-97.5
1785,q_filter_q-97.5
1795,q_filter_q-97.5
1800,q_filter_q-97.5
1804,q_filter_q-97.5
1816,q_filter_q-97.5
1827,q_filter_q-97.5
1832,q_filter_q-97.5
1845,q_filter_q-97.5
1847,q_filter_q-97.5
1848,q_filter_q-97.5
1852,q_filter_q-97.5
1855,q_filter_q-97.5
1866,q_filter_q-97.5
1867,q_filter_q-97.5
1877,q_filter_q-97.5
1896,q_filter_q-97.5
1899,q_filter_q-97.5
1901,q_filter_q-97.5
1909,q_filter_q-97.5
1910,q_filter_q-97.5
1918,q_filter_q-97.5
1919,q_filter_q-97.5
1922,q_filter_q-97.5
1923,q_filter_q-97.5
1926,q_filter_q-97.5
1930,q_filter_q-97.5
1945,q_filter_q-97.5
1947,q_filter_q-97.5
2108,q_filter_q-97.5
2231,q_filter_q-97.5
2251,q_filter_q-97.5
2281,q_filter_q-97.5
2297,q_filter_q-97.5
2298,q_filter_q-97.5
2300,q_filter_q-97.5
2400,q_filter_q-97.5
2413,q_filter_q-97.5
2417,q_filter_q-97.5
2432,q_filter_q-97.5
2440,q_filter_q-97.5
2451,q_filter_q-97.5
2463,q_filter_q-97.5
2466,q_filter_q-97.5
2468,q_filter_q-97.5
2469,q_filter_q-97.5
2474,q_filter_q-97.5
2477,q_filter_q-97.5
2480,q_filter_q-97.5
2481,q_filter_q-97.5
2486,q_filter_q-97.5
2491,q_filter_q-97.5
2493,q_filter_q-97.5
2730,q_filter_q-97.5
2770,q_filter_q-97.5
2782,q_filter_q-97.5
2786,q_filter_q-97.5
2789,q_filter_q-97.5
2793,q_filter_q-97.5
2809,q_filter_q-97.5
2851,q_filter_q-97.5
2853,q_filter_q-97.5
3066,q_filter_q-97.5
3125,q_filter_q-97.5
3126,q_filter_q-97.5
3130,q_filter_q-97.5
3193,q_filter_q-97.5
3194,q_filter_q-97.5
3230,q_filter_q-97.5
3243,q_filter_q-97.5
3286,q_filter_q-97.5
3337,q_filter_q-97.5
3339,q_filter_q-97.5
3356,q_filter_q-97.5
3433,q_filter_q-97.5
3495,q_filter_q-97.5
3498,q_filter_q-97.5
3499,q_filter_q-97.5
3502,q_filter_q-97.5
3533,q_filter_q-97.5
3694,q_filter_q-97.5
3857,q_filter_q-97.5
3886,q_filter_q-97.5
3914,q_filter_q-97.5
4010,q_filter_q-97.5
4054,q_filter_q-97.5
4089,q_filter_q-97.5
4101,q_filter_q-97.5
4194,q_filter_q-97.5
4196,q_filter_q-97.5
4200,q_filter_q-97.5
4207,q_filter_q-97.5
4254,q_filter_q-97.5
4262,q_filter_q-97.5
4264,q_filter_q-97.5
4279,q_filter_q-97.5
4287,q_filter_q-97.5
4337,q_filter_q-97.5
4363,q_filter_q-97.5
4382,q_filter_q-97.5
4410,q_filter_q-97.5
4422,q_filter_q-97.5
4441,q_filter_q-97.5
4502,q_filter_q-97.5
4503,q_filter_q-97.5
4520,q_filter_q-97.5
4529,q_filter_q-97.5
4542,q_filter_q-97.5
4582,q_filter_q-97.5
4597,q_filter_q-97.5
4604,q_filter_q-97.5
4606,q_filter_q-97.5
4614,q_filter_q-97.5
4618,q_filter_q-97.5
4623,q_filter_q-97.5
4627,q_filter_q-97.5
4633,q_filter_q-97.5
4644,q_filter_q-97.5
4649,q_filter_q-97.5
4654,q_filter_q-97.5
4675,q_filter_q-97.5
4682,q_filter_q-97.5
4685,q_filter_q-97.5
4688,q_filter_q-97.5
4690,q_filter_q-97.5
4691,q_filter_q-97.5
4695,q_filter_q-97.5
4700,q_filter_q-97.5
4705,q_filter_q-97.5
4708,q_filter_q-97.5
4717,q_filter_q-97.5
4730,q_filter_q-97.5
4735,q_filter_q-97.5
4749,q_filter_q-97.5
4753,q_filter_q-97.5
4754,q_filter_q-97.5
4757,q_filter_q-97.5
4761,q_filter_q-97.5
4763,q_filter_q-97.5
4774,q_filter_q-97.5
4787,q_filter_q-97.5
4788,q_filter_q-97.5
4789,q_filter_q-97.5
4790,q_filter_q-97.5
4791,q_filter_q-97.5
4819,q_filter_q-97.5
4824,q_filter_q-97.5
4839,q_filter_q-97.5
4848,q_filter_q-97.5
4862,q_filter_q-97.5
4868,q_filter_q-97.5
4873,q_filter_q-97.5
4876,q_filter_q-97.5
4881,q_filter_q-97.5
4887,q_filter_q-97.5
4898,q_filter_q-97.5
4908,q_filter_q-97.5
4919,q_filter_q-97.5
4935,q_filter_q-97.5
4941,q_filter_q-97.5
4945,q_filter_q-97.5
4946,q_filter_q-97.5
4956,q_filter_q-97.5
4958,q_filter_q-97.5
4960,q_filter_q-97.5
4962,q_filter_q-97.5
4970,q_filter_q-97.5
5061,q_filter_q-97.5
5062,q_filter_q-97.5
5065,q_filter_q-97.5
5141,q_filter_q-97.5
5219,q_filter_q-97.5
5469,q_filter_q-97.5
5489,q_filter_q-97.5
5526,q_filter_q-97.5
5531,q_filter_q-97.5
5537,q_filter_q-97.5
5543,q_filter_q-97.5
5544,q_filter_q-97.5
5548,q_filter_q-97.5
5561,q_filter_q-97.5
5562,q_filter_q-97.5
5565,q_filter_q-97.5
5575,q_filter_q-97.5
5580,q_filter_q-97.5
5585,q_filter_q-97.5
5593,q_filter_q-97.5
5595,q_filter_q-97.5
5597,q_filter_q-97.5
5601,q_filter_q-97.5
5607,q_filter_q-97.5
5611,q_filter_q-97.5
5612,q_filter_q-97.5
5613,q_filter_q-97.5
5617,q_filter_q-97.5
5619,q_filter_q-97.5
5623,q_filter_q-97.5
5628,q_filter_q-97.5
5638,q_filter_q-97.5
5641,q_filter_q-97.5
5643,q_filter_q-97.5
5650,q_filter_q-97.5
5661,q_filter_q-97.5
5669,q_filter_q-97.5
5671,q_filter_q-97.5
5674,q_filter_q-97.5
5675,q_filter_q-97.5
5678,q_filter_q-97.5
5679,q_filter_q-97.5
5683,q_filter_q-97.5
5687,q_filter_q-97.5
5694,q_filter_q-97.5
5695,q_filter_q-97.5
5700,q_filter_q-97.5
5701,q_filter_q-97.5
5703,q_filter_q-97.5
5706,q_filter_q-97.5
5707,csv_train_gt20
5719,q_filter_q-97.5
5721,q_filter_q-97.5
5724,q_filter_q-97.5
5731,q_filter_q-97.5
5735,q_filter_q-97.5
5738,q_filter_q-97.5
5739,q_filter_q-97.5
5742,q_filter_q-97.5
5744,q_filter_q-97.5
5745,q_filter_q-97.5
5749,q_filter_q-97.5
5750,q_filter_q-97.5
5754,q_filter_q-97.5
5758,q_filter_q-97.5
5763,q_filter_q-97.5
5769,q_filter_q-97.5
5774,q_filter_q-97.5
5779,q_filter_q-97.5
5786,q_filter_q-97.5
5787,q_filter_q-97.5
5791,q_filter_q-97.5
5792,q_filter_q-97.5
5799,q_filter_q-97.5
5803,q_filter_q-97.5
5822,q_filter_q-97.5
5849,q_filter_q-97.5
5856,q_filter_q-97.5
5889,q_filter_q-97.5
5893,q_filter_q-97.5
5900,q_filter_q-97.5
6041,q_filter_q-97.5
6043,q_filter_q-97.5
6058,q_filter_q-97.5
6069,q_filter_q-97.5
6105,q_filter_q-97.5
6118,q_filter_q-97.5
6134,q_filter_q-97.5
6135,q_filter_q-97.5
6144,q_filter_q-97.5
6163,q_filter_q-97.5
6171,q_filter_q-97.5
6172,q_filter_q-97.5
6178,q_filter_q-97.5
6180,q_filter_q-97.5
6182,q_filter_q-97.5
6183,q_filter_q-97.5
6235,q_filter_q-97.5
6283,q_filter_q-97.5
6290,q_filter_q-97.5
6296,q_filter_q-97.5
6298,q_filter_q-97.5
6318,q_filter_q-97.5
6319,q_filter_q-97.5
6352,q_filter_q-97.5
6377,q_filter_q-97.5
6414,q_filter_q-97.5
6490,q_filter_q-97.5
6529,q_filter_q-97.5
6550,q_filter_q-97.5
6665,q_filter_q-97.5
6671,q_filter_q-97.5
6677,q_filter_q-97.5
6678,q_filter_q-97.5
6687,q_filter_q-97.5
6689,q_filter_q-97.5
6701,q_filter_q-97.5
6704,q_filter_q-97.5
6705,q_filter_q-97.5
6707,q_filter_q-97.5
6710,q_filter_q-97.5
6712,q_filter_q-97.5
6713,q_filter_q-97.5
6717,q_filter_q-97.5
6719,q_filter_q-97.5
6720,q_filter_q-97.5
6722,q_filter_q-97.5
6726,q_filter_q-97.5
6729,q_filter_q-97.5
6731,q_filter_q-97.5
6734,q_filter_q-97.5
6735,q_filter_q-97.5
6737,q_filter_q-97.5
6739,q_filter_q-97.5
6747,q_filter_q-97.5
6748,q_filter_q-97.5
6749,q_filter_q-97.5
6753,q_filter_q-97.5
6956,q_filter_q-97.5
6973,q_filter_q-97.5
6977,q_filter_q-97.5
6979,q_filter_q-97.5
6984,q_filter_q-97.5
7020,q_filter_q-97.5
7026,q_filter_q-97.5
7029,q_filter_q-97.5
7037,q_filter_q-97.5
7042,q_filter_q-97.5
7053,q_filter_q-97.5
7059,q_filter_q-97.5
7063,q_filter_q-97.5
7066,q_filter_q-97.5
7076,q_filter_q-97.5
7078,q_filter_q-97.5
7080,q_filter_q-97.5
7083,q_filter_q-97.5
7095,q_filter_q-97.5
7099,q_filter_q-97.5
7105,q_filter_q-97.5
7110,q_filter_q-97.5
7113,q_filter_q-97.5
7114,q_filter_q-97.5
7121,q_filter_q-97.5
7129,q_filter_q-97.5
7137,q_filter_q-97.5
7254,q_filter_q-97.5
7260,q_filter_q-97.5
7264,q_filter_q-97.5
7273,q_filter_q-97.5
7279,q_filter_q-97.5
7280,q_filter_q-97.5
7289,q_filter_q-97.5
7292,q_filter_q-97.5
7298,q_filter_q-97.5
7302,q_filter_q-97.5
7307,q_filter_q-97.5
7312,q_filter_q-97.5
7320,q_filter_q-97.5
7325,q_filter_q-97.5
7330,q_filter_q-97.5
7331,q_filter_q-97.5
7332,q_filter_q-97.5
7333,q_filter_q-97.5
7372,q_filter_q-97.5
7379,q_filter_q-97.5
7393,q_filter_q-97.5
7396,q_filter_q-97.5
7401,q_filter_q-97.5
7416,q_filter_q-97.5
7418,q_filter_q-97.5
7420,q_filter_q-97.5
7426,q_filter_q-97.5
8259,global_bad
8265,global_bad
8269,global_bad
8282,global_bad
8287,global_bad
8300,global_bad
9099,q_filter_q-97.5
9950,q_filter_q-97.5
12226,q_filter_q-97.5
13271,q_filter_q-97.5
14616,q_filter_q-97.5
15164,q_filter_q-97.5
15769,global_bad
17031,q_filter_q-97.5
19044,q_filter_q-97.5
19180,q_filter_q-97.5
19416,q_filter_q-97.5
20620,global_bad
20627,global_bad
20628,global_bad
20629,global_bad
20632,global_bad
20727,q_filter_q-97.5
20728,q_filter_q-97.5
20729,q_filter_q-97.5
21027,global_bad
21092,q_filter_q-97.5
21095,q_filter_q-97.5
21096,q_filter_q-97.5
21097,q_filter_q-97.5
21098,q_filter_q-97.5
21099,q_filter_q-97.5
21100,q_filter_q-97.5
21101,q_filter_q-97.5
21102,q_filter_q-97.5
21103,q_filter_q-97.5
21104,q_filter_q-97.5
21105,q_filter_q-97.5
21107,q_filter_q-97.5
21110,q_filter_q-97.5
21111,q_filter_q-97.5
21112,q_filter_q-97.5
21113,q_filter_q-97.5
21114,q_filter_q-97.5
21115,q_filter_q-97.5
21116,q_filter_q-97.5
21117,q_filter_q-97.5
21118,q_filter_q-97.5
21120,q_filter_q-97.5
21121,q_filter_q-97.5
21122,q_filter_q-97.5
21123,q_filter_q-97.5
21124,q_filter_q-97.5
21127,q_filter_q-97.5
21128,q_filter_q-97.5
21130,q_filter_q-97.5
21131,q_filter_q-97.5
21132,q_filter_q-97.5
21133,q_filter_q-97.5
21134,q_filter_q-97.5
21135,q_filter_q-97.5
21136,q_filter_q-97.5
21137,q_filter_q-97.5
21138,q_filter_q-97.5
21139,q_filter_q-97.5
21140,q_filter_q-97.5
21142,q_filter_q-97.5
21143,q_filter_q-97.5
21144,q_filter_q-97.5
21145,q_filter_q-97.5
21146,q_filter_q-97.5
21147,q_filter_q-97.5
21148,q_filter_q-97.5
21149,q_filter_q-97.5
21150,q_filter_q-97.5
21151,q_filter_q-97.5
21152,q_filter_q-97.5
21153,q_filter_q-97.5
21154,q_filter_q-97.5
21155,q_filter_q-97.5
21156,q_filter_q-97.5
21157,q_filter_q-97.5
21158,q_filter_q-97.5
21159,q_filter_q-97.5
21160,q_filter_q-97.5
21161,q_filter_q-97.5
21162,q_filter_q-97.5
21163,csv_train_gt20
21164,csv_train_gt20
21165,csv_val_gt20
21166,csv_test_gt100
21167,csv_train_gt20
21168,q_filter_q-97.5
21169,q_filter_q-97.5
21170,q_filter_q-97.5
21171,q_filter_q-97.5
21172,q_filter_q-97.5
21173,q_filter_q-97.5
21174,q_filter_q-97.5
21175,csv_train_gt20
21176,q_filter_q-97.5
21177,q_filter_q-97.5
21178,q_filter_q-97.5
21180,q_filter_q-97.5
21181,q_filter_q-97.5
21183,csv_train_gt20
21184,csv_train_gt20
21185,csv_train_gt20
21186,csv_train_gt20
21187,csv_train_gt20
21188,q_filter_q-97.5
21189,q_filter_q-97.5
21190,q_filter_q-97.5
21191,q_filter_q-97.5
21192,q_filter_q-97.5
21193,q_filter_q-97.5
21194,csv_train_gt20
21195,csv_train_gt20
21196,csv_train_gt20
21197,csv_train_gt20
21198,csv_train_gt20
21199,csv_train_gt20
21200,csv_train_gt20
21202,csv_train_gt20
21203,csv_val_gt20
21204,csv_train_gt20
21205,csv_train_gt20
21206,csv_train_gt20
21207,q_filter_q-97.5
21208,csv_train_gt20
21209,q_filter_q-97.5
21210,q_filter_q-97.5
21211,q_filter_q-97.5
21212,q_filter_q-97.5
21213,q_filter_q-97.5
21214,q_filter_q-97.5
21216,q_filter_q-97.5
21217,q_filter_q-97.5
21221,q_filter_q-97.5
21222,q_filter_q-97.5
21253,q_filter_q-97.5
21255,q_filter_q-97.5
21256,q_filter_q-97.5
21257,q_filter_q-97.5
21258,q_filter_q-97.5
21260,q_filter_q-97.5
21261,q_filter_q-97.5
21262,q_filter_q-97.5
21263,q_filter_q-97.5
21269,q_filter_q-97.5
21270,q_filter_q-97.5
21271,q_filter_q-97.5
21272,q_filter_q-97.5
21273,q_filter_q-97.5
21274,q_filter_q-97.5
21275,q_filter_q-97.5
21277,q_filter_q-97.5
21278,q_filter_q-97.5
21279,q_filter_q-97.5
21280,q_filter_q-97.5
21281,q_filter_q-97.5
21282,q_filter_q-97.5
21310,q_filter_q-97.5
21311,q_filter_q-97.5
21313,q_filter_q-97.5
21314,q_filter_q-97.5
21315,q_filter_q-97.5
21316,q_filter_q-97.5
21317,q_filter_q-97.5
21320,q_filter_q-97.5
21321,q_filter_q-97.5
21322,q_filter_q-97.5
21324,q_filter_q-97.5
21325,q_filter_q-97.5
21326,q_filter_q-97.5
21327,q_filter_q-97.5
21328,q_filter_q-97.5
21331,q_filter_q-97.5
21332,q_filter_q-97.5
21333,q_filter_q-97.5
21334,q_filter_q-97.5
21336,q_filter_q-97.5
21337,q_filter_q-97.5
21339,q_filter_q-97.5
21341,q_filter_q-97.5
21342,q_filter_q-97.5
21343,q_filter_q-97.5
21344,q_filter_q-97.5
21345,q_filter_q-97.5
21346,q_filter_q-97.5
21347,q_filter_q-97.5
21349,q_filter_q-97.5
21350,q_filter_q-97.5
21351,q_filter_q-97.5
21352,q_filter_q-97.5
21353,q_filter_q-97.5
21354,q_filter_q-97.5
21355,q_filter_q-97.5
21356,q_filter_q-97.5
21357,q_filter_q-97.5
21360,q_filter_q-97.5
21361,q_filter_q-97.5
21362,q_filter_q-97.5
21377,q_filter_q-97.5
21378,q_filter_q-97.5
21379,q_filter_q-97.5
21380,q_filter_q-97.5
21381,q_filter_q-97.5
21382,q_filter_q-97.5
21383,q_filter_q-97.5
21384,q_filter_q-97.5
21385,q_filter_q-97.5
21386,q_filter_q-97.5
21387,q_filter_q-97.5
21388,q_filter_q-97.5
21389,q_filter_q-97.5
21390,q_filter_q-97.5
21391,q_filter_q-97.5
21392,q_filter_q-97.5
21393,q_filter_q-97.5
21397,q_filter_q-97.5
21398,q_filter_q-97.5
21399,q_filter_q-97.5
21400,q_filter_q-97.5
21401,q_filter_q-97.5
21402,q_filter_q-97.5
21403,q_filter_q-97.5
21404,q_filter_q-97.5
21405,q_filter_q-97.5
21406,q_filter_q-97.5
21408,q_filter_q-97.5
21409,q_filter_q-97.5
21410,q_filter_q-97.5
21411,q_filter_q-97.5
21412,q_filter_q-97.5
21413,q_filter_q-97.5
21414,q_filter_q-97.5
21415,q_filter_q-97.5
21416,q_filter_q-97.5
21417,q_filter_q-97.5
21418,q_filter_q-97.5
21419,q_filter_q-97.5
21420,q_filter_q-97.5
21421,q_filter_q-97.5
21422,q_filter_q-97.5
21423,q_filter_q-97.5
21424,q_filter_q-97.5
21425,q_filter_q-97.5
21428,q_filter_q-97.5
21429,q_filter_q-97.5
21430,q_filter_q-97.5
21431,q_filter_q-97.5
21432,q_filter_q-97.5
21433,q_filter_q-97.5
21434,q_filter_q-97.5
21435,q_filter_q-97.5
21436,q_filter_q-97.5
21438,q_filter_q-97.5
21439,q_filter_q-97.5
21440,q_filter_q-97.5
21441,q_filter_q-97.5
21442,q_filter_q-97.5
21443,q_filter_q-97.5
21444,q_filter_q-97.5
21445,q_filter_q-97.5
21446,q_filter_q-97.5
21447,q_filter_q-97.5
21448,q_filter_q-97.5
21449,q_filter_q-97.5
21450,q_filter_q-97.5
21451,q_filter_q-97.5
21452,q_filter_q-97.5
21453,q_filter_q-97.5
21454,q_filter_q-97.5
21455,q_filter_q-97.5
21456,q_filter_q-97.5
21457,q_filter_q-97.5
21458,q_filter_q-97.5
21459,q_filter_q-97.5
21461,q_filter_q-97.5
21462,q_filter_q-97.5
21463,q_filter_q-97.5
21464,q_filter_q-97.5
21466,q_filter_q-97.5
21467,q_filter_q-97.5
21468,q_filter_q-97.5
21469,q_filter_q-97.5
21471,q_filter_q-97.5
21472,q_filter_q-97.5
21473,q_filter_q-97.5
21474,q_filter_q-97.5
21475,q_filter_q-97.5
21476,q_filter_q-97.5
21478,q_filter_q-97.5
21479,q_filter_q-97.5
21480,q_filter_q-97.5
21481,q_filter_q-97.5
21482,q_filter_q-97.5
21483,q_filter_q-97.5
21484,q_filter_q-97.5
21485,q_filter_q-97.5
21487,q_filter_q-97.5
21488,q_filter_q-97.5
21489,q_filter_q-97.5
21490,q_filter_q-97.5
21491,q_filter_q-97.5
21492,q_filter_q-97.5
21493,q_filter_q-97.5
21494,q_filter_q-97.5
21495,q_filter_q-97.5
21496,q_filter_q-97.5
21497,q_filter_q-97.5
21498,q_filter_q-97.5
21499,q_filter_q-97.5
21500,q_filter_q-97.5
21501,q_filter_q-97.5
21502,q_filter_q-97.5
21503,q_filter_q-97.5
21504,q_filter_q-97.5
21505,q_filter_q-97.5
21506,q_filter_q-97.5
21507,q_filter_q-97.5
21508,q_filter_q-97.5
21509,q_filter_q-97.5
21510,q_filter_q-97.5
21511,q_filter_q-97.5
21512,q_filter_q-97.5
21513,q_filter_q-97.5
21514,q_filter_q-97.5
21515,q_filter_q-97.5
21516,q_filter_q-97.5
21517,q_filter_q-97.5
21520,q_filter_q-97.5
21521,q_filter_q-97.5
21522,q_filter_q-97.5
21523,q_filter_q-97.5
21524,q_filter_q-97.5
21525,q_filter_q-97.5
21526,q_filter_q-97.5
21527,q_filter_q-97.5
21528,q_filter_q-97.5
21529,q_filter_q-97.5
21530,q_filter_q-97.5
21531,q_filter_q-97.5
21533,q_filter_q-97.5
21534,q_filter_q-97.5
21535,q_filter_q-97.5
21536,q_filter_q-97.5
21537,q_filter_q-97.5
21538,q_filter_q-97.5
21539,q_filter_q-97.5
21540,q_filter_q-97.5
21541,q_filter_q-97.5
21542,q_filter_q-97.5
21543,q_filter_q-97.5
21544,q_filter_q-97.5
21546,q_filter_q-97.5
21547,q_filter_q-97.5
21548,q_filter_q-97.5
21550,q_filter_q-97.5
21551,q_filter_q-97.5
21552,q_filter_q-97.5
21553,q_filter_q-97.5
21554,q_filter_q-97.5
21555,q_filter_q-97.5
21556,q_filter_q-97.5
21557,q_filter_q-97.5
21558,q_filter_q-97.5
21559,q_filter_q-97.5
21560,q_filter_q-97.5
21561,q_filter_q-97.5
21562,q_filter_q-97.5
21563,q_filter_q-97.5
21564,q_filter_q-97.5
21565,q_filter_q-97.5
21566,q_filter_q-97.5
21567,q_filter_q-97.5
21568,q_filter_q-97.5
21570,q_filter_q-97.5
21571,q_filter_q-97.5
21572,q_filter_q-97.5
21573,q_filter_q-97.5
21574,q_filter_q-97.5
21575,q_filter_q-97.5
21576,q_filter_q-97.5
21577,q_filter_q-97.5
21578,q_filter_q-97.5
21580,q_filter_q-97.5
21581,q_filter_q-97.5
21582,q_filter_q-97.5
21583,q_filter_q-97.5
21584,q_filter_q-97.5
21585,q_filter_q-97.5
21586,q_filter_q-97.5
21587,q_filter_q-97.5
21588,q_filter_q-97.5
21589,q_filter_q-97.5
21590,q_filter_q-97.5
21591,q_filter_q-97.5
21592,q_filter_q-97.5
21593,q_filter_q-97.5
21594,q_filter_q-97.5
21595,q_filter_q-97.5
21601,global_bad;q_filter_q-97.5
21609,global_bad
21612,global_bad
21625,global_bad
21630,global_bad
21642,global_bad
21664,q_filter_q-97.5
21668,q_filter_q-97.5
21669,q_filter_q-97.5
21670,q_filter_q-97.5
21672,q_filter_q-97.5
21673,q_filter_q-97.5
21674,q_filter_q-97.5
21676,q_filter_q-97.5
21677,q_filter_q-97.5
21678,q_filter_q-97.5
21680,q_filter_q-97.5
21688,q_filter_q-97.5
21689,q_filter_q-97.5
21692,q_filter_q-97.5
21698,q_filter_q-97.5
21700,q_filter_q-97.5
21707,q_filter_q-97.5
21708,q_filter_q-97.5
21712,q_filter_q-97.5
21713,q_filter_q-97.5
21714,q_filter_q-97.5
21719,q_filter_q-97.5
21721,q_filter_q-97.5
21725,q_filter_q-97.5
21726,q_filter_q-97.5
21727,q_filter_q-97.5
21730,q_filter_q-97.5
21731,q_filter_q-97.5
21732,q_filter_q-97.5
21733,q_filter_q-97.5
21735,q_filter_q-97.5
21736,q_filter_q-97.5
21737,q_filter_q-97.5
21739,q_filter_q-97.5
21740,q_filter_q-97.5
21743,q_filter_q-97.5
21746,q_filter_q-97.5
21747,q_filter_q-97.5
21749,q_filter_q-97.5
21751,q_filter_q-97.5
21753,q_filter_q-97.5
21756,q_filter_q-97.5
21758,q_filter_q-97.5
21759,q_filter_q-97.5
21760,q_filter_q-97.5
21761,q_filter_q-97.5
21762,q_filter_q-97.5
21763,q_filter_q-97.5
21764,q_filter_q-97.5
21765,q_filter_q-97.5
21766,q_filter_q-97.5
21769,q_filter_q-97.5
21770,q_filter_q-97.5
21771,q_filter_q-97.5
21772,q_filter_q-97.5
21773,q_filter_q-97.5
21775,q_filter_q-97.5
21776,q_filter_q-97.5
21777,q_filter_q-97.5
21778,q_filter_q-97.5
21779,q_filter_q-97.5
21780,q_filter_q-97.5
21781,q_filter_q-97.5
21782,q_filter_q-97.5
21783,q_filter_q-97.5
21785,q_filter_q-97.5
21786,q_filter_q-97.5
21787,q_filter_q-97.5
21788,q_filter_q-97.5
21789,q_filter_q-97.5
21790,q_filter_q-97.5
21791,q_filter_q-97.5
21792,q_filter_q-97.5
21793,q_filter_q-97.5
21794,q_filter_q-97.5
21795,q_filter_q-97.5
21797,q_filter_q-97.5
21798,q_filter_q-97.5
21799,q_filter_q-97.5
21800,q_filter_q-97.5
21801,q_filter_q-97.5
21802,q_filter_q-97.5
21803,q_filter_q-97.5
21804,q_filter_q-97.5
21806,q_filter_q-97.5
21807,q_filter_q-97.5
21808,q_filter_q-97.5
21811,q_filter_q-97.5
21813,q_filter_q-97.5
21814,q_filter_q-97.5
21817,q_filter_q-97.5
21818,q_filter_q-97.5
21819,q_filter_q-97.5
21823,q_filter_q-97.5
21824,q_filter_q-97.5
21825,q_filter_q-97.5
21827,q_filter_q-97.5
21828,q_filter_q-97.5
21829,q_filter_q-97.5
21830,q_filter_q-97.5
21833,q_filter_q-97.5
21836,q_filter_q-97.5
21837,q_filter_q-97.5
21838,q_filter_q-97.5
21840,q_filter_q-97.5
21841,q_filter_q-97.5
21842,q_filter_q-97.5
21843,q_filter_q-97.5
21846,q_filter_q-97.5
21847,q_filter_q-97.5
21851,q_filter_q-97.5
21852,q_filter_q-97.5
21853,q_filter_q-97.5
21855,q_filter_q-97.5
21856,q_filter_q-97.5
21857,q_filter_q-97.5
21863,q_filter_q-97.5
21865,q_filter_q-97.5
21866,q_filter_q-97.5
21867,q_filter_q-97.5
21868,q_filter_q-97.5
21869,q_filter_q-97.5
21870,q_filter_q-97.5
21872,q_filter_q-97.5
21873,q_filter_q-97.5
21874,q_filter_q-97.5
21875,q_filter_q-97.5
21876,q_filter_q-97.5
21877,q_filter_q-97.5
21878,q_filter_q-97.5
21879,q_filter_q-97.5
21881,q_filter_q-97.5
21882,q_filter_q-97.5
21883,q_filter_q-97.5
21885,q_filter_q-97.5
21886,q_filter_q-97.5
21887,q_filter_q-97.5
21888,q_filter_q-97.5
21889,q_filter_q-97.5
21890,csv_train_gt20
21891,q_filter_q-97.5
21892,csv_val_gt20
21893,csv_train_gt20
21894,csv_train_gt20
21895,csv_train_gt20
21896,csv_train_gt20
21897,csv_train_gt20
21898,csv_train_gt20
21899,csv_val_gt20
21900,csv_train_gt20
21901,csv_train_gt20
21903,csv_train_gt20
21929,q_filter_q-97.5
21949,csv_train_gt20
21951,csv_train_gt20
21955,csv_train_gt20
21960,csv_train_gt20
21967,q_filter_q-97.5
21969,csv_train_gt20
21984,csv_train_gt20
21992,csv_val_gt20
22012,q_filter_q-97.5
22014,q_filter_q-97.5
22016,q_filter_q-97.5
22017,q_filter_q-97.5
22019,q_filter_q-97.5
22023,q_filter_q-97.5
22024,q_filter_q-97.5
22026,q_filter_q-97.5
22028,q_filter_q-97.5
22029,q_filter_q-97.5
22031,q_filter_q-97.5
22032,q_filter_q-97.5
22033,q_filter_q-97.5
22034,q_filter_q-97.5
22037,q_filter_q-97.5
22038,csv_test_gt100
22039,q_filter_q-97.5
22040,q_filter_q-97.5
22041,q_filter_q-97.5
22043,q_filter_q-97.5
22047,q_filter_q-97.5
22048,q_filter_q-97.5
22049,q_filter_q-97.5
22052,q_filter_q-97.5
22053,q_filter_q-97.5
22054,q_filter_q-97.5
22055,q_filter_q-97.5
22056,q_filter_q-97.5
22057,q_filter_q-97.5
22060,q_filter_q-97.5
22061,q_filter_q-97.5
22062,q_filter_q-97.5
22063,q_filter_q-97.5
22066,q_filter_q-97.5
22084,q_filter_q-97.5
22085,q_filter_q-97.5
22086,q_filter_q-97.5
22087,q_filter_q-97.5
22179,global_bad;q_filter_q-97.5
22180,global_bad
22181,global_bad
22182,global_bad
22183,global_bad
22184,global_bad
22186,global_bad
22188,global_bad
22189,global_bad
22192,global_bad
22194,global_bad
22196,global_bad
22198,global_bad
22199,global_bad
22201,global_bad
22203,global_bad
22494,global_bad
22603,global_bad
22667,global_bad
22940,global_bad
23123,q_filter_q-97.5
23124,q_filter_q-97.5
23126,q_filter_q-97.5
23127,q_filter_q-97.5
23128,q_filter_q-97.5
23129,q_filter_q-97.5
23130,q_filter_q-97.5
23131,q_filter_q-97.5
23134,q_filter_q-97.5
23135,q_filter_q-97.5
23136,q_filter_q-97.5
23137,q_filter_q-97.5
23138,q_filter_q-97.5
23139,q_filter_q-97.5
23141,q_filter_q-97.5
23143,q_filter_q-97.5
23146,q_filter_q-97.5
23147,q_filter_q-97.5
23148,q_filter_q-97.5
23149,q_filter_q-97.5
23150,q_filter_q-97.5
23151,q_filter_q-97.5
23154,q_filter_q-97.5
23155,q_filter_q-97.5
23159,q_filter_q-97.5
23160,q_filter_q-97.5
23161,q_filter_q-97.5
23162,q_filter_q-97.5
23163,q_filter_q-97.5
23164,q_filter_q-97.5
23343,q_filter_q-97.5
23344,q_filter_q-97.5
23345,q_filter_q-97.5
23346,q_filter_q-97.5
23347,q_filter_q-97.5
23348,q_filter_q-97.5
23349,q_filter_q-97.5
23351,q_filter_q-97.5
23352,q_filter_q-97.5
23353,q_filter_q-97.5
23354,q_filter_q-97.5
23355,q_filter_q-97.5
23356,q_filter_q-97.5
23358,q_filter_q-97.5
23359,q_filter_q-97.5
23360,q_filter_q-97.5
23361,q_filter_q-97.5
23362,q_filter_q-97.5
23363,q_filter_q-97.5
23364,q_filter_q-97.5
23365,q_filter_q-97.5
23366,q_filter_q-97.5
23367,q_filter_q-97.5
23368,q_filter_q-97.5
23369,q_filter_q-97.5
23370,q_filter_q-97.5
23371,q_filter_q-97.5
23372,q_filter_q-97.5
23373,q_filter_q-97.5
23375,q_filter_q-97.5
23376,q_filter_q-97.5
23377,q_filter_q-97.5
23378,q_filter_q-97.5
23380,q_filter_q-97.5
23382,q_filter_q-97.5
23383,q_filter_q-97.5
23384,q_filter_q-97.5
23385,q_filter_q-97.5
23386,q_filter_q-97.5
23387,q_filter_q-97.5
23433,q_filter_q-97.5
23434,q_filter_q-97.5
23435,q_filter_q-97.5
23437,q_filter_q-97.5
23439,q_filter_q-97.5
23440,q_filter_q-97.5
23441,q_filter_q-97.5
23442,q_filter_q-97.5
23443,q_filter_q-97.5
23444,q_filter_q-97.5
23445,q_filter_q-97.5
23447,q_filter_q-97.5
23448,q_filter_q-97.5
23449,q_filter_q-97.5
23451,q_filter_q-97.5
23452,q_filter_q-97.5
23453,q_filter_q-97.5
23454,q_filter_q-97.5
23455,q_filter_q-97.5
23456,q_filter_q-97.5
23457,q_filter_q-97.5
23458,q_filter_q-97.5
23459,q_filter_q-97.5
23461,q_filter_q-97.5
23462,q_filter_q-97.5
23463,q_filter_q-97.5
23465,q_filter_q-97.5
23466,q_filter_q-97.5
23467,q_filter_q-97.5
23468,q_filter_q-97.5
23469,q_filter_q-97.5
23470,q_filter_q-97.5
23472,q_filter_q-97.5
23473,q_filter_q-97.5
23474,q_filter_q-97.5
23475,q_filter_q-97.5
23477,q_filter_q-97.5
23478,q_filter_q-97.5
23479,q_filter_q-97.5
23480,q_filter_q-97.5
23481,q_filter_q-97.5
23482,q_filter_q-97.5
23483,q_filter_q-97.5
23484,q_filter_q-97.5
23485,q_filter_q-97.5
23486,q_filter_q-97.5
23487,q_filter_q-97.5
23488,q_filter_q-97.5
23490,q_filter_q-97.5
23491,q_filter_q-97.5
23493,q_filter_q-97.5
23494,q_filter_q-97.5
23495,q_filter_q-97.5
23496,q_filter_q-97.5
23497,q_filter_q-97.5
23512,q_filter_q-97.5
23513,q_filter_q-97.5
23514,q_filter_q-97.5
23515,q_filter_q-97.5
23516,q_filter_q-97.5
23517,q_filter_q-97.5
23518,q_filter_q-97.5
23519,q_filter_q-97.5
23520,q_filter_q-97.5
23521,q_filter_q-97.5
23522,q_filter_q-97.5
23523,q_filter_q-97.5
23524,q_filter_q-97.5
23525,q_filter_q-97.5
23526,q_filter_q-97.5
23527,q_filter_q-97.5
23528,q_filter_q-97.5
23529,q_filter_q-97.5
23530,q_filter_q-97.5
23531,q_filter_q-97.5
23532,q_filter_q-97.5
23721,q_filter_q-97.5
23722,q_filter_q-97.5
23724,csv_train_gt20
23725,q_filter_q-97.5
23727,csv_train_gt20
23729,q_filter_q-97.5
23731,csv_train_gt20
23732,csv_val_gt20
23733,csv_train_gt20
23739,csv_test_gt100
23741,q_filter_q-97.5
23742,csv_train_gt20
23743,csv_train_gt20
23745,q_filter_q-97.5
23747,q_filter_q-97.5
24258,q_filter_q-97.5
24259,q_filter_q-97.5
24263,q_filter_q-97.5
24264,q_filter_q-97.5
24279,q_filter_q-97.5
24283,q_filter_q-97.5
24297,q_filter_q-97.5
24308,q_filter_q-97.5
24322,q_filter_q-97.5
24329,q_filter_q-97.5
24595,q_filter_q-97.5
24596,q_filter_q-97.5
24597,q_filter_q-97.5
24598,q_filter_q-97.5
24600,q_filter_q-97.5
24601,q_filter_q-97.5
24602,q_filter_q-97.5
24603,q_filter_q-97.5
24604,q_filter_q-97.5
24608,q_filter_q-97.5
24614,q_filter_q-97.5
24615,q_filter_q-97.5
25118,q_filter_q-97.5
25419,global_bad
25426,global_bad
25438,global_bad;q_filter_q-97.5
25643,q_filter_q-97.5
28971,csv_train_gt20
28972,q_filter_q-97.5
28973,global_bad
28974,global_bad
28975,q_filter_q-97.5
28976,q_filter_q-97.5
28977,q_filter_q-97.5
28979,global_bad
28980,q_filter_q-97.5
28981,global_bad
28982,global_bad
28983,q_filter_q-97.5
28984,global_bad
28985,global_bad
28986,global_bad
28988,q_filter_q-97.5
28989,global_bad
28991,q_filter_q-97.5
28992,global_bad
28993,csv_test_gt100;global_bad;q_filter_q-97.5
28994,q_filter_q-97.5
28995,q_filter_q-97.5
28996,q_filter_q-97.5
28997,global_bad
28998,q_filter_q-97.5
28999,global_bad
29001,q_filter_q-97.5
29002,q_filter_q-97.5
29003,q_filter_q-97.5
29004,q_filter_q-97.5
29006,q_filter_q-97.5
29007,global_bad
29008,q_filter_q-97.5
29009,q_filter_q-97.5
29010,q_filter_q-97.5
29011,global_bad
29012,global_bad
29013,csv_test_gt100;q_filter_q-97.5
29014,q_filter_q-97.5
29015,global_bad
29016,global_bad
29017,csv_test_gt100;global_bad;q_filter_q-97.5
29018,global_bad
29019,global_bad
29020,global_bad
29021,global_bad
29022,global_bad
29023,global_bad
29024,q_filter_q-97.5
29026,global_bad;q_filter_q-97.5
29027,q_filter_q-97.5
29028,global_bad
29029,csv_test_gt100;global_bad;q_filter_q-97.5
29030,global_bad
29031,global_bad
29032,global_bad
29034,global_bad
29035,global_bad
29036,global_bad
29037,q_filter_q-97.5
29038,global_bad
29039,q_filter_q-97.5
29040,global_bad
29041,global_bad
29043,global_bad
29044,q_filter_q-97.5
29047,q_filter_q-97.5
29048,global_bad
29049,q_filter_q-97.5
29050,q_filter_q-97.5
29051,q_filter_q-97.5
29052,q_filter_q-97.5
29053,q_filter_q-97.5
29054,q_filter_q-97.5
29056,q_filter_q-97.5
29057,q_filter_q-97.5
29058,q_filter_q-97.5
29059,q_filter_q-97.5
29060,q_filter_q-97.5
29061,q_filter_q-97.5
29063,q_filter_q-97.5
29064,q_filter_q-97.5
29065,q_filter_q-97.5
29066,q_filter_q-97.5
29068,q_filter_q-97.5
29069,q_filter_q-97.5
29070,q_filter_q-97.5
29071,q_filter_q-97.5
29072,q_filter_q-97.5
29073,q_filter_q-97.5
29074,q_filter_q-97.5
29075,q_filter_q-97.5
29076,q_filter_q-97.5
29077,q_filter_q-97.5
29078,q_filter_q-97.5
29080,q_filter_q-97.5
29081,q_filter_q-97.5
29082,q_filter_q-97.5
29083,q_filter_q-97.5
29084,q_filter_q-97.5
29085,q_filter_q-97.5
29086,q_filter_q-97.5
29087,q_filter_q-97.5
29088,q_filter_q-97.5
29089,q_filter_q-97.5
29090,q_filter_q-97.5
29091,q_filter_q-97.5
29092,q_filter_q-97.5
29093,q_filter_q-97.5
29094,q_filter_q-97.5
29095,q_filter_q-97.5
29097,q_filter_q-97.5
29098,q_filter_q-97.5
29099,q_filter_q-97.5
29100,q_filter_q-97.5
29101,q_filter_q-97.5
29102,q_filter_q-97.5
29103,q_filter_q-97.5
29104,q_filter_q-97.5
29105,q_filter_q-97.5
29106,q_filter_q-97.5
29107,q_filter_q-97.5
29108,q_filter_q-97.5
29109,q_filter_q-97.5
29110,q_filter_q-97.5
29112,q_filter_q-97.5
29113,q_filter_q-97.5
29114,q_filter_q-97.5
29115,q_filter_q-97.5
29116,q_filter_q-97.5
29117,q_filter_q-97.5
29118,q_filter_q-97.5
29119,q_filter_q-97.5
29120,q_filter_q-97.5
29121,q_filter_q-97.5
29122,q_filter_q-97.5
29123,q_filter_q-97.5
29124,q_filter_q-97.5
29125,q_filter_q-97.5
29128,q_filter_q-97.5
29131,q_filter_q-97.5
29132,q_filter_q-97.5
29133,q_filter_q-97.5
29215,q_filter_q-97.5
29216,q_filter_q-97.5
29217,q_filter_q-97.5
29219,csv_test_gt100
29220,q_filter_q-97.5
29222,q_filter_q-97.5
29223,q_filter_q-97.5
29224,q_filter_q-97.5
29225,q_filter_q-97.5
29226,q_filter_q-97.5
29227,q_filter_q-97.5
29228,q_filter_q-97.5
29229,q_filter_q-97.5
29230,q_filter_q-97.5
29231,q_filter_q-97.5
29232,q_filter_q-97.5
29233,q_filter_q-97.5
29234,q_filter_q-97.5
29235,q_filter_q-97.5
29236,q_filter_q-97.5
29237,q_filter_q-97.5
29238,q_filter_q-97.5
29239,q_filter_q-97.5
29240,q_filter_q-97.5
29241,q_filter_q-97.5
29242,q_filter_q-97.5
29243,q_filter_q-97.5
29244,q_filter_q-97.5
29245,q_filter_q-97.5
29246,q_filter_q-97.5
29247,q_filter_q-97.5
29248,csv_test_gt100
29249,q_filter_q-97.5
29250,q_filter_q-97.5
29251,q_filter_q-97.5
29252,csv_test_gt100
29253,q_filter_q-97.5
29254,q_filter_q-97.5
29255,q_filter_q-97.5
29256,q_filter_q-97.5
29257,q_filter_q-97.5
29258,q_filter_q-97.5
29259,q_filter_q-97.5
29260,q_filter_q-97.5
29261,q_filter_q-97.5
29262,q_filter_q-97.5
29263,q_filter_q-97.5
29264,q_filter_q-97.5
29265,q_filter_q-97.5
29266,csv_test_gt100
29267,q_filter_q-97.5
29268,q_filter_q-97.5
29269,csv_test_gt100
29271,q_filter_q-97.5
29272,q_filter_q-97.5
29273,q_filter_q-97.5
29274,q_filter_q-97.5
29275,q_filter_q-97.5
29276,q_filter_q-97.5
29277,q_filter_q-97.5
29278,q_filter_q-97.5
29279,q_filter_q-97.5
29280,q_filter_q-97.5
29281,q_filter_q-97.5
29282,q_filter_q-97.5
29283,q_filter_q-97.5
29284,q_filter_q-97.5
29285,q_filter_q-97.5
29286,csv_test_gt100
29287,q_filter_q-97.5
29288,q_filter_q-97.5
29289,q_filter_q-97.5
29290,q_filter_q-97.5
29291,q_filter_q-97.5
29292,q_filter_q-97.5
29293,q_filter_q-97.5
29294,q_filter_q-97.5
29295,q_filter_q-97.5
29297,csv_test_gt100
29299,q_filter_q-97.5
29300,q_filter_q-97.5
29301,q_filter_q-97.5
29307,q_filter_q-97.5
29558,q_filter_q-97.5
29559,global_bad
29560,q_filter_q-97.5
29562,q_filter_q-97.5
29565,global_bad
29567,global_bad
29568,q_filter_q-97.5
29569,q_filter_q-97.5
29570,global_bad
29573,global_bad
29574,q_filter_q-97.5
29575,q_filter_q-97.5
29576,global_bad;q_filter_q-97.5
29577,q_filter_q-97.5
29578,q_filter_q-97.5
29579,q_filter_q-97.5
29581,q_filter_q-97.5
29582,q_filter_q-97.5
29583,global_bad
29586,q_filter_q-97.5
29588,q_filter_q-97.5
29589,global_bad
29591,q_filter_q-97.5
29592,q_filter_q-97.5
29593,global_bad
29594,q_filter_q-97.5
29595,global_bad
29596,q_filter_q-97.5
29597,q_filter_q-97.5
29598,global_bad
29599,global_bad
29600,q_filter_q-97.5
29601,q_filter_q-97.5
29602,global_bad
29603,global_bad
29604,global_bad
29606,global_bad
29607,q_filter_q-97.5
29610,q_filter_q-97.5
29611,q_filter_q-97.5
29612,q_filter_q-97.5
29613,q_filter_q-97.5
29614,q_filter_q-97.5
29615,q_filter_q-97.5
29617,q_filter_q-97.5
29618,q_filter_q-97.5
29619,global_bad;q_filter_q-97.5
29620,q_filter_q-97.5
29621,q_filter_q-97.5
29622,q_filter_q-97.5
29623,q_filter_q-97.5
29625,q_filter_q-97.5
29626,q_filter_q-97.5
29627,q_filter_q-97.5
29628,q_filter_q-97.5
29629,global_bad
29630,global_bad
29632,global_bad
29633,q_filter_q-97.5
29634,global_bad
29636,csv_test_gt100;global_bad;q_filter_q-97.5
29637,global_bad
29638,q_filter_q-97.5
29639,q_filter_q-97.5
29640,global_bad
29641,q_filter_q-97.5
29642,q_filter_q-97.5
29643,q_filter_q-97.5
29644,q_filter_q-97.5
29646,global_bad
29648,q_filter_q-97.5
29649,q_filter_q-97.5
29650,q_filter_q-97.5
29651,global_bad
29652,q_filter_q-97.5
29653,q_filter_q-97.5
29654,q_filter_q-97.5
29655,global_bad
29656,q_filter_q-97.5
29657,global_bad
29658,global_bad
29659,q_filter_q-97.5
29660,global_bad;q_filter_q-97.5
29661,q_filter_q-97.5
29663,q_filter_q-97.5
29664,global_bad
29665,global_bad
29666,q_filter_q-97.5
29668,q_filter_q-97.5
29669,global_bad
29670,q_filter_q-97.5
29671,global_bad
29672,global_bad
29674,global_bad
29675,q_filter_q-97.5
29677,q_filter_q-97.5
29682,global_bad
29683,global_bad
29687,global_bad
29688,q_filter_q-97.5
29689,q_filter_q-97.5
29690,q_filter_q-97.5
29692,q_filter_q-97.5
29693,q_filter_q-97.5
29696,q_filter_q-97.5
29697,global_bad
29700,q_filter_q-97.5
29701,q_filter_q-97.5
29703,q_filter_q-97.5
29712,global_bad
29716,global_bad
29722,q_filter_q-97.5
29735,global_bad
29742,global_bad;q_filter_q-97.5
29744,global_bad
29754,global_bad
29756,global_bad
29771,q_filter_q-97.5
29772,global_bad
29776,global_bad
29785,global_bad
29791,global_bad
29793,global_bad;q_filter_q-97.5
29796,q_filter_q-97.5
29803,q_filter_q-97.5
29814,global_bad
29819,global_bad
29827,q_filter_q-97.5
29834,global_bad
29835,global_bad
29848,global_bad
29849,global_bad
29850,global_bad
29855,global_bad
29856,global_bad
29861,global_bad
29864,q_filter_q-97.5
29874,global_bad
29878,global_bad
29879,global_bad;q_filter_q-97.5
29884,global_bad
29885,global_bad
29893,q_filter_q-97.5
29896,global_bad
29898,global_bad
29903,global_bad
29906,global_bad
29914,q_filter_q-97.5
29918,global_bad
29921,global_bad
29922,global_bad
29929,global_bad
29930,global_bad
29932,global_bad
29933,global_bad
29940,global_bad;q_filter_q-97.5
29949,global_bad
29955,global_bad
29959,global_bad;q_filter_q-97.5
29961,global_bad
29966,global_bad
29971,global_bad
29984,global_bad
29990,global_bad
29992,global_bad
29993,global_bad
29997,global_bad;q_filter_q-97.5
30002,global_bad
30003,global_bad
30011,global_bad
30015,global_bad
30030,global_bad
30041,global_bad
30046,global_bad
30048,global_bad
30052,global_bad
30054,global_bad;q_filter_q-97.5
30056,global_bad
30057,q_filter_q-97.5
30058,global_bad
30059,global_bad
30076,global_bad
30080,global_bad
30082,global_bad
30084,global_bad
30087,global_bad;q_filter_q-97.5
30093,global_bad;q_filter_q-97.5
30099,q_filter_q-97.5
30105,global_bad
30110,global_bad
30131,global_bad
30136,global_bad
30139,q_filter_q-97.5
30145,global_bad
30148,q_filter_q-97.5
30152,global_bad
30163,global_bad;q_filter_q-97.5
30172,q_filter_q-97.5
30173,q_filter_q-97.5
30175,global_bad
30178,q_filter_q-97.5
30189,global_bad
30200,global_bad
30210,global_bad
30703,q_filter_q-97.5
30709,q_filter_q-97.5
30718,q_filter_q-97.5
30719,q_filter_q-97.5
30724,q_filter_q-97.5
30727,q_filter_q-97.5
30751,q_filter_q-97.5
30758,q_filter_q-97.5
30766,q_filter_q-97.5
30768,global_bad;q_filter_q-97.5
30769,q_filter_q-97.5
30770,csv_test_gt100;global_bad
30771,global_bad
30778,q_filter_q-97.5
30780,q_filter_q-97.5
30781,q_filter_q-97.5
30782,q_filter_q-97.5
30783,q_filter_q-97.5
30784,q_filter_q-97.5
30785,q_filter_q-97.5
30788,q_filter_q-97.5
30797,q_filter_q-97.5
30804,q_filter_q-97.5
30805,q_filter_q-97.5
30806,q_filter_q-97.5
30807,q_filter_q-97.5
30808,q_filter_q-97.5
30816,q_filter_q-97.5
30820,q_filter_q-97.5
30821,q_filter_q-97.5
30823,q_filter_q-97.5
30832,q_filter_q-97.5
30833,q_filter_q-97.5
30846,q_filter_q-97.5
30847,q_filter_q-97.5
30861,q_filter_q-97.5
30866,q_filter_q-97.5
30871,q_filter_q-97.5
30872,q_filter_q-97.5
30873,q_filter_q-97.5
30876,q_filter_q-97.5
30878,q_filter_q-97.5
30879,q_filter_q-97.5
30880,q_filter_q-97.5
30881,q_filter_q-97.5
30882,q_filter_q-97.5
30887,q_filter_q-97.5
30895,q_filter_q-97.5
30897,q_filter_q-97.5
30934,q_filter_q-97.5
30939,q_filter_q-97.5
30946,q_filter_q-97.5
30947,q_filter_q-97.5
30951,q_filter_q-97.5
30952,q_filter_q-97.5
30958,q_filter_q-97.5
30970,q_filter_q-97.5
30973,q_filter_q-97.5
30975,q_filter_q-97.5
30977,q_filter_q-97.5
30981,q_filter_q-97.5
30983,q_filter_q-97.5
30989,q_filter_q-97.5
30990,q_filter_q-97.5
30993,q_filter_q-97.5
30994,q_filter_q-97.5
30997,q_filter_q-97.5
31009,q_filter_q-97.5
31023,q_filter_q-97.5
31024,q_filter_q-97.5
31026,q_filter_q-97.5
31027,q_filter_q-97.5
31034,q_filter_q-97.5
31035,q_filter_q-97.5
31041,q_filter_q-97.5
31044,q_filter_q-97.5
31049,q_filter_q-97.5
31051,q_filter_q-97.5
31052,q_filter_q-97.5
31059,q_filter_q-97.5
31060,q_filter_q-97.5
31085,q_filter_q-97.5
31093,q_filter_q-97.5
31103,q_filter_q-97.5
31104,q_filter_q-97.5
31106,q_filter_q-97.5
31107,csv_test_gt100;global_bad
31108,global_bad
31112,q_filter_q-97.5
31117,q_filter_q-97.5
31118,q_filter_q-97.5
31119,q_filter_q-97.5
31120,q_filter_q-97.5
31122,q_filter_q-97.5
31123,q_filter_q-97.5
31124,q_filter_q-97.5
31125,q_filter_q-97.5
31132,q_filter_q-97.5
31142,q_filter_q-97.5
31143,q_filter_q-97.5
31144,csv_test_gt100;q_filter_q-97.5
31145,q_filter_q-97.5
31152,q_filter_q-97.5
31153,q_filter_q-97.5
31154,q_filter_q-97.5
31157,q_filter_q-97.5
31158,q_filter_q-97.5
31165,q_filter_q-97.5
31169,q_filter_q-97.5
31170,q_filter_q-97.5
31183,q_filter_q-97.5
31184,q_filter_q-97.5
31208,q_filter_q-97.5
31209,q_filter_q-97.5
31210,q_filter_q-97.5
31211,q_filter_q-97.5
31229,q_filter_q-97.5
31232,q_filter_q-97.5
31234,q_filter_q-97.5
31235,q_filter_q-97.5
31239,q_filter_q-97.5
31241,q_filter_q-97.5
31247,q_filter_q-97.5
31248,q_filter_q-97.5
31249,q_filter_q-97.5
31250,q_filter_q-97.5
31252,q_filter_q-97.5
31256,q_filter_q-97.5
31257,q_filter_q-97.5
31268,q_filter_q-97.5
31269,q_filter_q-97.5
31276,q_filter_q-97.5
31277,q_filter_q-97.5
31278,q_filter_q-97.5
31279,q_filter_q-97.5
31280,q_filter_q-97.5
31281,q_filter_q-97.5
31282,q_filter_q-97.5
31284,q_filter_q-97.5
31288,q_filter_q-97.5
31289,q_filter_q-97.5
31297,q_filter_q-97.5
31298,q_filter_q-97.5
31299,q_filter_q-97.5
31336,q_filter_q-97.5
31342,q_filter_q-97.5
31349,q_filter_q-97.5
31350,q_filter_q-97.5
31354,q_filter_q-97.5
31361,q_filter_q-97.5
31367,q_filter_q-97.5
31372,q_filter_q-97.5
31377,q_filter_q-97.5
31378,q_filter_q-97.5
31379,q_filter_q-97.5
31388,q_filter_q-97.5
31409,q_filter_q-97.5
31422,q_filter_q-97.5
31427,q_filter_q-97.5
31431,q_filter_q-97.5
31432,q_filter_q-97.5
31433,global_bad
31435,csv_test_gt100;global_bad
31436,q_filter_q-97.5
31443,q_filter_q-97.5
31444,q_filter_q-97.5
31445,q_filter_q-97.5
31446,q_filter_q-97.5
31447,q_filter_q-97.5
31448,q_filter_q-97.5
31449,q_filter_q-97.5
31450,q_filter_q-97.5
31463,q_filter_q-97.5
31465,q_filter_q-97.5
31466,q_filter_q-97.5
31467,q_filter_q-97.5
31468,q_filter_q-97.5
31470,q_filter_q-97.5
31475,q_filter_q-97.5
31478,q_filter_q-97.5
31479,q_filter_q-97.5
31480,global_bad
31482,q_filter_q-97.5
31483,q_filter_q-97.5
31488,q_filter_q-97.5
31493,csv_test_gt100;q_filter_q-97.5
31506,q_filter_q-97.5
31507,q_filter_q-97.5
31524,q_filter_q-97.5
31531,q_filter_q-97.5
31552,q_filter_q-97.5
31553,q_filter_q-97.5
31555,q_filter_q-97.5
31561,q_filter_q-97.5
31567,q_filter_q-97.5
31568,q_filter_q-97.5
31571,q_filter_q-97.5
31575,q_filter_q-97.5
31576,q_filter_q-97.5
31586,q_filter_q-97.5
31603,q_filter_q-97.5
31604,q_filter_q-97.5
31605,q_filter_q-97.5
31608,q_filter_q-97.5
31609,q_filter_q-97.5
31610,q_filter_q-97.5
31611,q_filter_q-97.5
31612,q_filter_q-97.5
31613,q_filter_q-97.5
31614,q_filter_q-97.5
31615,q_filter_q-97.5
31617,q_filter_q-97.5
31622,q_filter_q-97.5
31631,q_filter_q-97.5
31633,q_filter_q-97.5
31636,q_filter_q-97.5
31669,q_filter_q-97.5
31671,q_filter_q-97.5
31676,q_filter_q-97.5
31681,q_filter_q-97.5
31682,q_filter_q-97.5
31684,q_filter_q-97.5
31687,q_filter_q-97.5
31688,q_filter_q-97.5
31694,q_filter_q-97.5
31695,q_filter_q-97.5
31701,q_filter_q-97.5
31708,q_filter_q-97.5
31747,q_filter_q-97.5
31754,q_filter_q-97.5
31761,q_filter_q-97.5
31762,global_bad
31763,q_filter_q-97.5
31765,global_bad
31772,q_filter_q-97.5
31773,q_filter_q-97.5
31775,q_filter_q-97.5
31776,q_filter_q-97.5
31778,q_filter_q-97.5
31779,q_filter_q-97.5
31780,q_filter_q-97.5
31781,q_filter_q-97.5
31792,q_filter_q-97.5
31796,q_filter_q-97.5
31798,q_filter_q-97.5
31799,q_filter_q-97.5
31800,q_filter_q-97.5
31801,q_filter_q-97.5
31802,q_filter_q-97.5
31810,q_filter_q-97.5
31812,q_filter_q-97.5
31813,q_filter_q-97.5
31814,q_filter_q-97.5
31820,q_filter_q-97.5
31824,q_filter_q-97.5
31825,q_filter_q-97.5
31838,q_filter_q-97.5
31839,q_filter_q-97.5
31852,q_filter_q-97.5
31858,q_filter_q-97.5
31862,q_filter_q-97.5
31864,q_filter_q-97.5
31868,q_filter_q-97.5
31880,q_filter_q-97.5
31895,q_filter_q-97.5
31896,q_filter_q-97.5
31898,q_filter_q-97.5
31899,q_filter_q-97.5
31904,q_filter_q-97.5
31906,q_filter_q-97.5
31911,q_filter_q-97.5
31912,q_filter_q-97.5
31915,q_filter_q-97.5
31916,q_filter_q-97.5
31917,q_filter_q-97.5
31922,q_filter_q-97.5
31938,q_filter_q-97.5
31939,q_filter_q-97.5
31942,q_filter_q-97.5
31946,q_filter_q-97.5
31947,q_filter_q-97.5
31953,q_filter_q-97.5
31954,q_filter_q-97.5
31957,q_filter_q-97.5
32219,q_filter_q-97.5
32245,q_filter_q-97.5
32261,q_filter_q-97.5
32286,q_filter_q-97.5
32293,q_filter_q-97.5
32310,q_filter_q-97.5
32313,csv_train_gt20
32367,q_filter_q-97.5
32370,q_filter_q-97.5
32453,q_filter_q-97.5
32454,csv_test_gt100
32456,q_filter_q-97.5
32649,q_filter_q-97.5
32765,q_filter_q-97.5
33390,q_filter_q-97.5
